삼성 갤럭시 A13 LTE 자급제 64GB SM-A135N,"297,000원",https://cr.shopping.naver.com/adcr.nhn?x=jtAxW6RQBE%2FD0g8ECypowP%2F%2F%2Fw%3D%3Dsc0Xp0pDj1H2pZUaLS7AQTQhsWKVxCxr5dx6a0zy5eTVjQQzzw%2B%2FEi6khfoc%2FSavJ2J86Sk39vjd6m5LWzLmXBt2vLLWVBYEkQFyw9N1cjS8iaNsd1jwE4xr%2FZ6KPh6h%2FtEeCkB9zzMqWtq0OugsmwFp71Z7hSN6oDiNdBkHIs6gycad5bk%2FDlINVhDKBpFmgs5ZyCQf2tPcLp2IaFbV7SOf%2F3AeBADT0boKJJFKo0zqiLYkDdPLuZC6zF9jGCghya8azbkpGFHKAOIkximE5fVVd6Z%2BmZ5fvTALbBBPmfKLmnGLANk9TjQtjOEdf9xG%2FYTTl0iWZs81I2TdhbN%2FiMEfxU01HZ2wWGSnvop4iKCIbV9SohnsJOp40F4RSK4iNobKnqAnrPQ%2FCRINzCsjBoM3zVaNSnElUms3mYOzPgGlfWZDCM%2FQCImMzTQFZee2Gd%2F8ymMpCoXcWh6bF78TQh5S4%2F6bRQ%2F8GeCKVWyhOYjUyYKuTruGM4Ms9%2F96jl6yrNRd7IUomOAhA75oON%2BC0DPWtW7%2FlPcORq1ch0f%2B%2B35CPBimPDZwOttZjcrwUclZ98jOE32bMRnWfj2EgG%2FPBF0y2wGZsYNmhnjLfmBJoE57HICEQpPL7Rm%2B2fyhjEhHR&nvMid=36622290375&catId=50001519
갤럭시 A13 SM-A135N 미개봉 미개통 재가입 블랙,"49,000원",https://cr.shopping.naver.com/adcr.nhn?x=jmHAMUT69WBMNe%2BzH2HYMP%2F%2F%2Fw%3D%3DsH5aOnAm1AvW8o7eQ9ZhbPRjBwCuJDoZ4x7XgH6RWHRUDmt%2FZusb9H%2FSR%2BZdVvjBOA2jQYYumuyKFj9wwopZOzIuTlRMxkGN3%2FnnfhK5MSzcATaakMVREZYMu5%2BEYVmBeMfc1NF8jzg4%2FMIpjHH06Cl3E%2FRIJOlCm0lU0Oz1A2wTgv6Uqdx%2BQ4rufvoPK93htgsd%2FOHtM24u8AApZArXxWovR%2B6dFNZRO2u1XEYUxq%2FurH5ToxXK%2FKN6G8J4%2BBeVUfH0ylKL6Yqq4zisHkncEVRCGSQdcrj%2BZJHLmJxgT%2FbsFbfqvhBmyFER%2BD7e%2BrtE2e5aUnra%2FMNio311pIk2QNVd%2BqILAG09hjAR1K3qLYkDsc0ev7Bff1HybU9gUDi1j18Vuv4X5r7%2FyvjNeYtm0WRjPIX3Ut44BwUiaiYxXFQqdiYwh8jeYPCArkKskKl%2B4vgGx2WurV5nEtlyTYgxA9TXR6Yzi4YlZoj6a5qddNSldnvoolkKVNouiKxvFitIQw%2FyG5ToPiOLmWh%2FIAWJKfTzUaLji1QUfW5FQpucBI9ASwVXovgz8infb2RQesFYIZLtDQBjsbQSznS%2BFRGeoqVCZy1H6hcOkRAfDWMgh5E3LVWGr8fvvH1mWvUgXPK6j&nvMid=36673365554&catId=50001519
삼성전자 갤럭시 A13 64GB LTE 자급제,"296,670원",https://cr.shopping.naver.com/adcr.nhn?x=YcNCrHIMZAoaHR3905btQv%2F%2F%2Fw%3D%3DsbXolAjFfNntxBSYUGkY5b2zeyne1VUcju25b2Y5zNBoYAxp4TBEgw4RCCUg6M516ddZSeV1GkIWNSZ1pAlk3TPf8C5QTauymg7zvPJbZB2NLVjklrRQ5uA9Jo1TqU0OrRR00XtULfuogZoxi85zXiYVt7HLC8Wv00PZgURHygt5elejFdkqFTSchcszRHkryaZ0sob0xJ3QOBRCWh7Mmq2xrrcP2oLQ1NZh4UvsJqa7Ej7ZOGcb9bWp8d7WHM%2B5kXXw6fT7g5Pvp0xfXbWCxngez%2FY8eSma9aMvarLWce5vTJRQsx9OM5B1dCXvRCmluUGcwqJz8GtMPYh3DTB4grAxuHr8vjNd4%2BuFGDp4U8hmEd6bflxhvXwnGgsif9Z1Vsv4Pv0kWpdQcKGzAgoBrl8hRMF5Gaa0kCMPaKgQGJ0tkbg3%2BL2IxmPSMRMH0oI8BG6x82ikN5LslN2BTzJjRi6WRfrjtl2OPD36vkxy%2Bn5rU1gSge3dcLSh%2BKoAwsOqBc6aba%2BxxZaIqrF5G6IfSHhLBVei%2BDPyKd9vZFB6wVggN38Gvh4eRDdWH414LP3jcUJnLUfqFw6REB8NYyCHkTctVYavx%2B%2B8fWZa9SBc8rqM%3D&nvMid=36954847712&catId=50001519
삼성전자 갤럭시 A13 64GB 자급제폰,"296,670원",https://cr.shopping.naver.com/adcr.nhn?x=wdyKmbhmf8iBMg%2Bg9uXjGP%2F%2F%2Fw%3D%3DscpAaSBzbC9XE64Tq1FefU8bqCNsIBpApexhBtLeYz7AYAxp4TBEgw4RCCUg6M516prZQI2kuy8HGA%2BlZ5eQ4Off8C5QTauymg7zvPJbZB2NLVjklrRQ5uA9Jo1TqU0OrRR00XtULfuogZoxi85zXiYVt7HLC8Wv00PZgURHygt5elejFdkqFTSchcszRHkryhVdfqCgc711O5fijT3KU%2Fc3aTYMB3MlEBgjbdG75Cn3Ej7ZOGcb9bWp8d7WHM%2B5kXXw6fT7g5Pvp0xfXbWCxngez%2FY8eSma9aMvarLWce5tm9aM328MvILud52TGlrOlWjYE5dUc4cC36BsG0LiRggxuHr8vjNd4%2BuFGDp4U8hmR34RBjWB%2FyxiONgv6TNXmBlSY0DiDEtN5td2AJ8xQ0MhRMF5Gaa0kCMPaKgQGJ0tkbg3%2BL2IxmPSMRMH0oI8BiUkBi72ny4FM7tP%2FGdHgSgvqet95udyQkKqCpL%2FVScif0n0F4wR8uJMEVRMFlSTT0xc680jlD9VaDLmFkRjnfbVMZCfiqyAR4BDn5mIP9DQImkphL7GjZwwHGmWibRGXxlCGOuSmTTtr1C2fEYivBIVsN%2FiAcjmtIwlTUFZwg6A%3D&nvMid=36035522976&catId=50001519
삼성전자 갤럭시 A13 64GB 자급제 SM-A135N,"288,880원",https://cr.shopping.naver.com/adcr.nhn?x=b12aLaWYQIbJdNsx0XQ0L%2F%2F%2F%2Fw%3D%3DsppQkkekJxlk0wQZ3ZcnEUmjXUB3%2BWVYOOSWu54xO%2ByEDmt%2FZusb9H%2FSR%2BZdVvjBOwReO%2FjeXgNwebc4rQewA54uTlRMxkGN3%2FnnfhK5MSzcATaakMVREZYMu5%2BEYVmBe%2F5JuV%2FxtDQnr9npG5paKV%2Fu6oAkTGETHMs8EuiNceQu7Hxe1jZxPZke3vIE1zCs5ylBlM2pSV8xN9Fm%2FXiVt2pjy0FUtSdbatiB%2BudpRRHqdoSEVPEN0vScywfVRovYbywzmTmRvGD%2FgZYTjyHvRo3rTXr7Kn13ziv%2BL7HuG0pJthTvU%2F05au0wXf8ba3f3aCUIrvWfhzEDmtIaRrM3gS8HgieKIXANFrJuihfrJrx3Bz7%2BORHa%2BX777%2F5U82WuFVXRI5mGcfmF%2FrY0q4db9Qs2LL6Y1Sn%2FaOaeQAXJ%2B4gQpqKrfV6tsuZtspPK5aGrUNuI4LFTY2WqFtIXruPOH2VPF1SB%2BanoqTm5WNffEAnHXkflKeK4GTTXRXVtOUhPCHkwaX5FvnymfBBX4Z7r%2FO3sstlKr4xJaTana7D8a54to8tX3FRYz1ZfFY6yApBRMdjMUWcDnwg5MxZ3VDuXs7fRFHpYiT1MyW%2BtJMB5gDD82IWAinpDwg720zBf8CUKXhX4HbvD7ZUK4mtO4T6VJHGyKNAQ3roj16U2W%2FXVKivjOP6I4QHU6Wa7wH9q6VY0YDhLBwu%2FFQS5xWYf5w6G3jQ%3D%3D&nvMid=34490318515&catId=50001519
삼성전자 갤럭시 A13 64GB 미개통 새상품,"139,000원",https://cr.shopping.naver.com/adcr.nhn?x=%2F%2FciNb1EVnHkWmrh%2BXA1W%2F%2F%2F%2Fw%3D%3DsTdlil0ByW7OApgPCF5GbXke6bEzBCXovWjgrT6lCDqdjQQzzw%2B%2FEi6khfoc%2FSavJHDZ%2FoIq5tN9cv%2BN%2BN7UbF36ZatJqaGYbOBfhUDEiU1EiaNsd1jwE4xr%2FZ6KPh6h%2F4R8ux8wf%2FNLjn1P6K0AMY7dv4wGVAwhShofcVr3vK9Gp25qtsdEBeZkepXlRCqu6OS1gN3mXGuIGLzKBNnqqei%2BelrezjF%2BXbJxEfxbFfyJqBaRXf1%2B4rtDCEEPYeigJXE8Jde%2FOQADTOAEdG3xdI6Tq%2FbD2MGowZHhNOyBhpCeUgj7JhipZW7dJJfFyMQl0olifw7WT1zP9ZzE8QrmHm12tT2AG9M5jxdXEaCkbHF3n0oHuqWBC7eZQrz6w57BWJH8Z60QdD8Bpd56bFb8hcd0Sw3Hhl2R9H3TXkQy0UulVLaO80Br4glwEvw%2BokDXlpks76chZGCAOuwAgH5%2FhDjdk7HwwquSv8bjjIy4PGeNMelpIOC0ARpDaf8s%2BjdX02Ynswj%2F0YEYCal6lJ%2B19vSmEzheSrB6vooBgHNaQHmfNWpbgczketM2jGdxS2Zyzd3PCD0U9d93AvTv2fJC7Rnkss5rFNI5uJYxQWAa%2B6UEdHI8FZtQVGFZJxOyBDKc%2B&nvMid=36036696259&catId=50001519
삼성전자 갤럭시 A13 64GB 미개통 미개봉 새상품,"296,670원",https://cr.shopping.naver.com/adcr.nhn?x=Ps%2BDJIVb%2BVozdg07zUVPH%2F%2F%2F%2Fw%3D%3Ds%2BKOJ5WWd0AhkkltxD%2F4owoGNXUcEqrUIJfsoRt%2FedCgYAxp4TBEgw4RCCUg6M516rugBZH5o2909HzwxNMBvH%2Ff8C5QTauymg7zvPJbZB2NLVjklrRQ5uA9Jo1TqU0OrRR00XtULfuogZoxi85zXiYVt7HLC8Wv00PZgURHygt5elejFdkqFTSchcszRHkryV52upRx78NDAOJ9AUrG%2FM5vojCMWyAVDEEoLhG8BpO9UaHyt9XEtqtCxv6SPkcCrq4pZA3hvtay1NdVGnhX93YrHsbeStsmJBfOvK7DA6om4%2FJUjNCa2DydkpXec0h9oA1c1sgfv3KVZNe9%2B9oSrURtX1KiGewk6njQXhFIriI1x90oTzch7CH7UovAkzkUYzfNVo1KcSVSazeZg7M%2BAaaOqHfujuaOFyprpQ5doBpmEJBQxSiiZmI1d2EJaWNL87t3GNt3x7JReqMBEQef4yquEtlMmEp0kJY%2ByUzOAG2QL6nrfebnckJCqgqS%2F1UnI9H2NEVUsegAB2Wt8u3oRhzYhYCKekPCDvbTMF%2FwJQpeFfgdu8PtlQria07hPpUkcBtqy%2BabsQqT9VN%2BeqBhKJ84%2FojhAdTpZrvAf2rpVjRgOEsHC78VBLnFZh%2FnDobeN&nvMid=34458965302&catId=50001519
갤럭시 A13 64GB 자급제 화이트,"296,670원",https://cr.shopping.naver.com/adcr.nhn?x=3wt0%2F94k2S7OSrcCp%2BsTev%2F%2F%2Fw%3D%3DsX9gbNLcUxrb3tBF972HtJwmmMAnFvo1iNp6pH6M%2F7bsYAxp4TBEgw4RCCUg6M516IeHEDqb%2B%2BMUKQi3Kldg4Eff8C5QTauymg7zvPJbZB2NLVjklrRQ5uA9Jo1TqU0OrRR00XtULfuogZoxi85zXiYVt7HLC8Wv00PZgURHygt5elejFdkqFTSchcszRHkry7F%2FwROo1OwZxExJ%2Bg2uJlS417x6pNePblcphCGwuR0XEj7ZOGcb9bWp8d7WHM%2B5kXXw6fT7g5Pvp0xfXbWCxngez%2FY8eSma9aMvarLWce5t0vbG0tnPNtpKl3hZJw8n%2F25LhEJBVFPS1D%2FuHBETF7wxuHr8vjNd4%2BuFGDp4U8hlVHbOhH%2BjROEcuR3g4vjJNfMRYoh5IvyAIaSjSa4hcBMMS6C7MflOyHq4Mi0na2FEY2Hn3XtWKEQLT%2BhnyFZhZjBx7Ia3bB%2Fm2yiS%2BMqFxJf73KDHwboVK05FaIxAPwMyTsH%2BQ7nGUyw5lj4senV7wdH0g2z1mnGI56RXn%2BRsxcYH%2B%2BsHFoftPVTz0Xw2P1spbcAr%2BVprTZBwttgag7lnIWsl5%2Bg4luaQ7gEP1gxuYzQ1QmAmnoJRdq4K9btjkCM0%3D&nvMid=35603734911&catId=50001519
삼성전자 갤럭시 A13 64GB 자급제폰 화이트,"296,670원",https://cr.shopping.naver.com/adcr.nhn?x=m9HzJ07q4s6%2BlzeGhyo0lP%2F%2F%2Fw%3D%3DsnVTkO6TjnVLmpFcYTXAV0sqAIBBGDdLyjeCmewXFHqwDmt%2FZusb9H%2FSR%2BZdVvjBO5Vqu8ZeEoT1OZCtW8ZK5P4uTlRMxkGN3%2FnnfhK5MSzcATaakMVREZYMu5%2BEYVmBeMfc1NF8jzg4%2FMIpjHH06Cl3E%2FRIJOlCm0lU0Oz1A2wTgv6Uqdx%2BQ4rufvoPK93htrYZkYilxPNE5T3MwT0SHwdFiGE5D%2BdkdtMPp0lUOiiGrH5ToxXK%2FKN6G8J4%2BBeVUfH0ylKL6Yqq4zisHkncEVRCGSQdcrj%2BZJHLmJxgT%2FbtkL5JdTHDItRySe25wAAG1RGVjB9RC2npNWR29TNVIJ1d%2BqILAG09hjAR1K3qLYkD8IVetPMqBLhfrCMV5atiHMKh7M2hDmKnGxYK%2F1H1Dd5yMIsDvt8d1FZ6qXmCCF8TN3G6D0SZPJV%2FP3i9Q%2F%2BEvl7J4KqpryCszy52X1vnZzrKi%2B7VFkLQTpTWGL%2FHaaC9MelpIOC0ARpDaf8s%2BjdX0GqU2eJFmnSjgrqvqLEd4%2BimEzheSrB6vooBgHNaQHmcNL1SApVNYnfscE7VG4XxWd3PCD0U9d93AvTv2fJC7Rnkss5rFNI5uJYxQWAa%2B6UEdHI8FZtQVGFZJxOyBDKc%2B&nvMid=36035650390&catId=50001519
갤럭시 A13 64G 미개통 미개봉 새상품,"128,340원",https://cr.shopping.naver.com/adcr.nhn?x=jR78uQAyDBt%2BoJAA7IrWjf%2F%2F%2Fw%3D%3DswPuStdYnAwRhuZlNb8OMKsCardpl3WPbY9UpYOaJMPoYAxp4TBEgw4RCCUg6M516BXr7n%2BwkOqMvDfSiRnBAi%2Ff8C5QTauymg7zvPJbZB2NLVjklrRQ5uA9Jo1TqU0OrRR00XtULfuogZoxi85zXiYVt7HLC8Wv00PZgURHygt5elejFdkqFTSchcszRHkryqatKUG8mgS3xx8HW32Lo%2B7SAfZNdUfDPsxEuH8Q2vkfEj7ZOGcb9bWp8d7WHM%2B5kXXw6fT7g5Pvp0xfXbWCxngez%2FY8eSma9aMvarLWce5vX8sKZBjBO8UmlbYzcsKplB%2B1IvTR6GQxlBfLUfmNUYAxuHr8vjNd4%2BuFGDp4U8hmzzYwA%2FOD9MVxNlqNmEDPdSiNfeDt8lRkZEwCruTWU58MS6C7MflOyHq4Mi0na2FFBQV3IJcCn4m1KMIW%2Bu14iy%2Ff27P5KTIPi3x9SOPg%2Bh2ziRKchRP7e3BGwIIlEt%2Fl9IhF6yjFPSODvUz92bOFJkQlBkYGER5qJHfQDL1Wb7xohtPjA9PZFWriSd2EhWtREZM6AQB1eoEvsTEAvLzjqoFU9D2jr%2BCaLhvJxlsIvAs2OqH9l6YII5ugOGfB4CYY%3D&nvMid=36092528589&catId=50001519
갤럭시 A13 SM-A135 미개봉 미개통 재가입,"45,570원",https://cr.shopping.naver.com/adcr.nhn?x=bvrgYb6GaSMo4fR9gihoUP%2F%2F%2Fw%3D%3Dsrwc4xWgwPo56JXl8Lsw7bxReHiDbWPa3evlNZkmIRMVjQQzzw%2B%2FEi6khfoc%2FSavJmtSH5Sa7ftHAjT%2BJCeyH7MLIi%2B6XqRgmtCM7Z1qh3T8iaNsd1jwE4xr%2FZ6KPh6h%2F4R8ux8wf%2FNLjn1P6K0AMY7dv4wGVAwhShofcVr3vK9Gp25qtsdEBeZkepXlRCqu60sLiLBYljO13abHZBv7%2B8z8W%2BMexFFX8vrOzhgSl8INqBaRXf1%2B4rtDCEEPYeigJXE8Jde%2FOQADTOAEdG3xdI6Tq%2FbD2MGowZHhNOyBhpCeUgj7JhipZW7dJJfFyMQl0gFub129D705JIXt3%2FwoxbV2tT2AG9M5jxdXEaCkbHF2izgBwDkeBtUqcdIZpMKocRHX6jq4pUmyTlKNhRQpnrlJb845a8pSlDcCcWZOycShqRnIXiV1X3jx05CemozIFe%2BOwHMIT70ByKWjEYpj96DIWpEcX2%2BsOcUIpKU3tyhFSnvmdRehADDHWzqoj2wsD7Dc1Pv9weOrggcskujDYZ2tY0vFGtYcImi51jMcKK8aLWkios%2F6kai1Cu3rJumk4m1CGkh%2Fzbxi49G17usGmgzNot1t0taFSqeZnAJmx6YZB0CIl3BeKsFF2drF%2B%2BsFv&nvMid=36673425072&catId=50001519
갤럭시 A13 SM-A135N 미개봉 미개통 재가입 화이트,"45,570원",https://cr.shopping.naver.com/adcr.nhn?x=NLd3S%2BXGFAI5rgBJuxbPpv%2F%2F%2Fw%3D%3Ds8Y3%2Bp210mkkxmBFTcBufITX%2Fg9NS9sxYFH953kYnVMGPKxQeadX67W25l7wX1nDULU8S73N4tq2o8ih%2FWwlu2oUSIkZByRAmGj%2BvTwAR%2Fewy%2FPwR%2FWEp3Z%2BFbtci6C4S6qzbGROP8aHhIx6n%2Fy34BI41FVW4KFopfFaQ9bivvWhqzBXWPbtXf%2Bl9pVE572w%2B68Jah3c%2B0XL8jUZjKhH3o7dTOseUqk6SGfJusNrDHb7FqqFcia%2FUpkVvMKZVQ8u8%2FOIq6qLqW%2BXB7aAhUB%2FZQCVdN3LpKf%2FbKuiZi7z1XJS2qHFfxtkzeZLhyVTK8SN3SwR2bhtlmksIEd1m5UwYLb1%2FNmOSJbPXC3gQ7tS8mQdvR%2FmdUGnb8EIQUYVwA0gd6floCxr2YmZB5oDn58Og6FSL176EPvrYDkzJ2s8kUQLgZfgmh9kjrenm8ypwKNyY3RgKCU6nImOumu1%2F0%2BOvQJLiF4O7rQ%2F%2Fj4QkdEw8WMQ7Xyt0PYoXdxQxsEF5Rm%2BDIpiusKJq2xKEh%2F7EOR7kGdOf4i9zFrBXE2548%2F2S16307dwLJ%2F4IDUiyf0UX9%2FY6ehLLdWfeNemsM%2FH1DRSHJxDfXIafymllOhUVqcZ7xgWCqA6%2BrrPkSkQjk3bFq%2FUy&nvMid=36673387491&catId=50001519
삼성전자 갤럭시 A13 64G 미개통 미개봉 새상품,"138,570원",https://cr.shopping.naver.com/adcr.nhn?x=5h6y2QM5BoHexBcjhsyVK%2F%2F%2F%2Fw%3D%3Ds0RVLkHKKbjoBFWURpZkdKjvE1qDYMXkSYxr40Om5dHpjQQzzw%2B%2FEi6khfoc%2FSavJtdNUm%2BksWdD9deme2jwzhN2vLLWVBYEkQFyw9N1cjS8iaNsd1jwE4xr%2FZ6KPh6h%2F4R8ux8wf%2FNLjn1P6K0AMY7dv4wGVAwhShofcVr3vK9Gp25qtsdEBeZkepXlRCqu6wRduRmLmAeG67QBSWXI%2Bsvf7K2234pCR1txJjxvPf7pqBaRXf1%2B4rtDCEEPYeigJXE8Jde%2FOQADTOAEdG3xdI6Tq%2FbD2MGowZHhNOyBhpCeUgj7JhipZW7dJJfFyMQl09P7qAxqCeNA4diL8wjAjy12tT2AG9M5jxdXEaCkbHF2x%2FRR3I0PyF%2BX2YoNYx5RN7zIBoS2ysYbHgz3zBu%2FJkN0Sw3Hhl2R9H3TXkQy0UulVLaO80Br4glwEvw%2BokDXlm0CYZdaQQhB%2F5bSKp14Uf51f97U2jd6OPtEX73hNNJzm3eyD8FXR%2FU4cyJZmmw%2F3K8In%2BGXeNSW7wLhRohvd8XGywSUHJo71sE0Gp3FRcl98CXl251OpmWizflz2KEWcPCsehtMl7LNay09oynhIdBY92ky4lRNjuqGxMMHcIgJXc50eBITwugSNPH3Ok09sVpGw61BSdoQRvEGgfFlc5w%3D%3D&nvMid=35504648820&catId=50001519
갤럭시 A13 SM-A135 미개봉 미개통 재가입,"45,570원",https://cr.shopping.naver.com/adcr.nhn?x=IYTzXEtN%2BOQingAcXwQZAv%2F%2F%2Fw%3D%3DsyvD%2F8zYBQHrg5GVVgCBIGTRzqqvIwcPpjTgtAUVWldMYAxp4TBEgw4RCCUg6M516yS%2F2dWPu4mopRd44WTVuZPf8C5QTauymg7zvPJbZB2NLVjklrRQ5uA9Jo1TqU0OrRR00XtULfuogZoxi85zXiYVt7HLC8Wv00PZgURHygt5elejFdkqFTSchcszRHkryDcbHiOBiTQpno7JHHKXtUB7p242fE2LGSBfus%2BGiiaHEj7ZOGcb9bWp8d7WHM%2B5kXXw6fT7g5Pvp0xfXbWCxngez%2FY8eSma9aMvarLWce5tYkVO9zpA9VPXJUZ%2B%2Fgsc3LLwDQgVErk4eofVf8Bo5uwxuHr8vjNd4%2BuFGDp4U8hlYMzTgguZDyw4R1anmeW82bgl%2B6nysN7iylSTy%2BxBAocMS6C7MflOyHq4Mi0na2FGVfcEIhHdQEcVpRXPh%2Fjr03SX9%2Bi9gRZbVfhEIi3P6FDZhCCmts9ZUICdQ0hB5uiHEM4cXLBTMPp94L1gbHlD9hymwc4A%2FOvixKAauBPtba3wJeXbnU6mZaLN%2BXPYoRZxmrScoiGFW8xmTON2Qz1PnFj3aTLiVE2O6obEwwdwiAldznR4EhPC6BI08fc6TT2xWkbDrUFJ2hBG8QaB8WVzn&nvMid=36673386364&catId=50001519
갤럭시 A13 SM-A135N 미개봉 미개통 재가입 블랙,"45,570원",https://cr.shopping.naver.com/adcr.nhn?x=jl3CAx7G83uON3ECD8k61f%2F%2F%2Fw%3D%3Ds1OF7JReOyjrL7AZu%2BtQak20tRbomD2zPaREtxIr88tgYAxp4TBEgw4RCCUg6M516zZyuGRMxiNemQAU7eqjj0%2Ff8C5QTauymg7zvPJbZB2NLVjklrRQ5uA9Jo1TqU0OrRR00XtULfuogZoxi85zXiYVt7HLC8Wv00PZgURHygt5elejFdkqFTSchcszRHkryDcbHiOBiTQpno7JHHKXtUNLQ6K1bJEl9gEVij7R8BJfEj7ZOGcb9bWp8d7WHM%2B5kXXw6fT7g5Pvp0xfXbWCxngez%2FY8eSma9aMvarLWce5tXwVUk3RPBHxoQe7mH4Cmke0QXBFGR0suSWogLjCv%2FpgxuHr8vjNd4%2BuFGDp4U8hl1cTH1AgU0QkVYkILoAIYFBlSY0DiDEtN5td2AJ8xQ0MMS6C7MflOyHq4Mi0na2FFyY8wVU1dh1cKQCKMRQ4V8h5LNuONlZP4aMR0NiHwtfSWNnun9VCHj5CRhTICEoF07Xyt0PYoXdxQxsEF5Rm%2BDg9LbXIV4mpd1ON40SJyU2dOf4i9zFrBXE2548%2F2S163Lfq8BtAz8RS0gtYouw8nsehLLdWfeNemsM%2FH1DRSHJxDfXIafymllOhUVqcZ7xgWCqA6%2BrrPkSkQjk3bFq%2FUy&nvMid=36673422146&catId=50001519
갤럭시 A13 64GB 자급제,"319,000원",https://cr.shopping.naver.com/adcr.nhn?x=KIO3LU4f8DfrUEL2MlNWfv%2F%2F%2Fw%3D%3DshijLMVcYkv33u8M%2BGhTQXkEf9wXb7tXdLLCAqhPTyJwYAxp4TBEgw4RCCUg6M516SoGroksGewAELPVWcjFVhPf8C5QTauymg7zvPJbZB2NLVjklrRQ5uA9Jo1TqU0OrRR00XtULfuogZoxi85zXiYVt7HLC8Wv00PZgURHygt5elejFdkqFTSchcszRHkryzt8aPgsmxMkf5zb1YINRaqpVf2lChMx0isoZe3OHlWnEj7ZOGcb9bWp8d7WHM%2B5kXXw6fT7g5Pvp0xfXbWCxngez%2FY8eSma9aMvarLWce5vESQ2at6fi%2BNTzRGiYxquwtbjjt2TxFWyXOGNpSFYn6wxuHr8vjNd4%2BuFGDp4U8hnyRn2V4obGzmK%2FPiAxOavbxv197fyjYSyXFrroWYEUdsMS6C7MflOyHq4Mi0na2FGschGjvnpXOJT0kGDpW74hC%2Bp633m53JCQqoKkv9VJyA0qaKlnYMPF4AbpwF2INJejrgWQ%2F0JBsjHud4pzo5y1tUxkJ%2BKrIBHgEOfmYg%2F0NAhTpfFxp4W7FHmzf83RrU7GUIY65KZNO2vULZ8RiK8EhWw3%2BIByOa0jCVNQVnCDoA%3D%3D&nvMid=35603738585&catId=50001519
삼성전자 갤럭시 A13 64GB 자급제 화이트,"287,370원",https://cr.shopping.naver.com/adcr.nhn?x=SzQbZEOBWMRnzvNlk2N27v%2F%2F%2Fw%3D%3DsZB7cy1orwxvV43r%2BoG9qTB6bZDq3tNDtxHhKnP5T2OFjQQzzw%2B%2FEi6khfoc%2FSavJ7sm3Xo35MTFvlqY2sZFE59v2OCuHu%2FNGEmNzfvx8bnoiaNsd1jwE4xr%2FZ6KPh6h%2F4R8ux8wf%2FNLjn1P6K0AMY7dv4wGVAwhShofcVr3vK9Gp25qtsdEBeZkepXlRCqu6wRduRmLmAeG67QBSWXI%2BsuLGmCGtYG2D9fsWqnScz%2FVqBaRXf1%2B4rtDCEEPYeigJXE8Jde%2FOQADTOAEdG3xdI6Tq%2FbD2MGowZHhNOyBhpCeUgj7JhipZW7dJJfFyMQl0sySWfyuO84lwngx33ll3y12tT2AG9M5jxdXEaCkbHF2x%2FRR3I0PyF%2BX2YoNYx5RN6w1H33zRdDIacCpR%2BBDjI90Sw3Hhl2R9H3TXkQy0UulVLaO80Br4glwEvw%2BokDXlrV2SH%2BuYyZyJ8fvXj19yalgMMZG8zs5Qp%2BkgIR71dmGh4blHmsH%2FZiD8dPjVt6wzMjuFgXwJkaYZfMEab2FNVymEzheSrB6vooBgHNaQHmd9MRbtmOnWP1s%2FYj6oIk67d3PCD0U9d93AvTv2fJC7Rnkss5rFNI5uJYxQWAa%2B6UEdHI8FZtQVGFZJxOyBDKc%2B&nvMid=35503863344&catId=50001519
삼성전자 갤럭시A13 64G [자급제],"319,000원",https://cr.shopping.naver.com/adcr.nhn?x=%2BcPH%2Blf7BG3VC5SBt99xAv%2F%2F%2Fw%3D%3Dsy0sBSbHtrD%2FPDZt3%2FONDTmSccYjRLquB9JdCRpbq76EYAxp4TBEgw4RCCUg6M516DQhltvkG24P2KUT6V9U%2F1%2Ff8C5QTauymg7zvPJbZB2NLVjklrRQ5uA9Jo1TqU0OrRR00XtULfuogZoxi85zXiYVt7HLC8Wv00PZgURHygt5elejFdkqFTSchcszRHkryqhGxSINXb7lMcdgTEllyGKMUmcjiHvqiiIndWskjcHRUaHyt9XEtqtCxv6SPkcCrq4pZA3hvtay1NdVGnhX93YrHsbeStsmJBfOvK7DA6okVpmeZACNB%2BWIYzPGLZOPo9n7CLOGY3bIz5%2FMqS084nhtX1KiGewk6njQXhFIriI1tzoISzA1GTmr2iq6rZ8s3zfNVo1KcSVSazeZg7M%2BAaaOqHfujuaOFyprpQ5doBplJABLBdncNKptT%2BiqFvqG2wLgCi3gziM9CjeHCYAA%2BIaQtwhxKK1tVrxSj2r9CeZKFIbHmTFXfmcQNiZCkyCvRsQocLEGGa0wsleHc2pFkrbq7vPcUdR6%2BJ8HSXOxfTAYj62FR11oJxmljaIw8CtKEEVtGh63oOzb5RtHkwQmFrAau4fTwOUqyF63FjwpQRls%3D&nvMid=33962165176&catId=50001519
삼성전자 갤럭시 A13 64GB SM-A135 자급제 공기계,"199,950원",https://cr.shopping.naver.com/adcr.nhn?x=FnXZhuhRwzP%2FWKR2l06ghP%2F%2F%2Fw%3D%3Ds%2FzO4%2Fcfq91%2BdryFlGmYwAqK8yby4Cu6NlDiJ3EwJQx4Dmt%2FZusb9H%2FSR%2BZdVvjBODm3yHT%2BRq2X3CzAxiDVVhIuTlRMxkGN3%2FnnfhK5MSzcATaakMVREZYMu5%2BEYVmBeMfc1NF8jzg4%2FMIpjHH06Cl3E%2FRIJOlCm0lU0Oz1A2wTgv6Uqdx%2BQ4rufvoPK93htdRXSoB9A0zH2FJdzsnsHC3QxJZQxLFxzmTvJIpzYiuWc5zHGQxhP7yan2pMBtM3HweCJ4ohcA0Wsm6KF%2BsmvHcHPv45Edr5fvvv%2FlTzZa4XdFUV2jDT%2BNmzcEM3aNwXWWqy7kAU7YnqVi%2FwjPOoqVep2LdD%2BbxXYDmNHXbecDBn3aq9qDJffvFVJrivJWgOq2hSJHE0BNybJMZzPZTNMHtwDibNSyPjT0Ug7X4%2FmUG2NuqD89jwH%2B550Bu5pN9eUO2a1%2FtFxWQkrtKDxlVxWOUo86qBZW8uC8vQSstBea0WlkX647Zdjjw9%2Br5Mcvp%2BacM56rhcoKMaT0krRUOrH2grL1csyDq0DU%2FvRbe8KydK1TGQn4qsgEeAQ5%2BZiD%2FQ0YkOI8OdyvSBBSYeCf0B8rsZQhjrkpk07a9QtnxGIrwSFbDf4gHI5rSMJU1BWcIOg&nvMid=34238669130&catId=50001519
갤럭시 A13 64GB 미개통 미개봉 새상품,"129,270원",https://cr.shopping.naver.com/adcr.nhn?x=TzvH7EWnfw5EUcrzXdKCI%2F%2F%2F%2Fw%3D%3DsydWgMmUCQbTBr%2FVaCqbc7szLrD7S5QAyY%2FSp3XFkwmkDmt%2FZusb9H%2FSR%2BZdVvjBOxItxyNyBMMKCfiZkDhHL%2F4uTlRMxkGN3%2FnnfhK5MSzcATaakMVREZYMu5%2BEYVmBeMfc1NF8jzg4%2FMIpjHH06Cl3E%2FRIJOlCm0lU0Oz1A2wTgv6Uqdx%2BQ4rufvoPK93htGKzIzcQopFR2l2hbCR%2Bz%2F9FMard6BSDppoWFSkWNDMKrH5ToxXK%2FKN6G8J4%2BBeVUfH0ylKL6Yqq4zisHkncEVRCGSQdcrj%2BZJHLmJxgT%2FbtkL5JdTHDItRySe25wAAG1POmM64lYM6ICkwapf8FJLVd%2BqILAG09hjAR1K3qLYkBGIOwoG3QCbX0yyr2%2B6nLOPSZQvBzuHANYsU2%2BUVuv8hjPIX3Ut44BwUiaiYxXFQqmSzvpyFkYIA67ACAfn%2BEO3E%2B5csTOf1Ep1nRxxuMTKEnkj%2FRYmnP6KQzoPswD39OfKE8a42%2FPcssRL2aBLCZHXwgqbIFA%2FLVBtVTx3zuaby6CIOHlLyf7tFzQx427OB30CZfnMg%2FO2CKcN3M7qzC%2B7u8EAFDp9IgsaNk2JvcvuFaFndIwdNwuWmKtx1HNSCrUkiyUGZ3FpPHvE7X48%2Bhb&nvMid=35603692489&catId=50001519
갤럭시 A13 64GB 자급제 (화이트),"295,740원",https://cr.shopping.naver.com/adcr.nhn?x=pXuapi%2FZeBCrblsqRrDO7P%2F%2F%2Fw%3D%3DssikRxMM5DvFWiF6kC6qQCd%2FlsKE0P3rrIT%2BZzmsmGZNjQQzzw%2B%2FEi6khfoc%2FSavJ0oub6%2BYiOZNbLDlWKt6xCU%2B3ARrtF7%2BAM7MWwJOS85kiaNsd1jwE4xr%2FZ6KPh6h%2F4R8ux8wf%2FNLjn1P6K0AMY7dv4wGVAwhShofcVr3vK9Gp25qtsdEBeZkepXlRCqu6OS1gN3mXGuIGLzKBNnqqep9uOBz9mjQFokLLObejfjZqBaRXf1%2B4rtDCEEPYeigJXE8Jde%2FOQADTOAEdG3xdI6Tq%2FbD2MGowZHhNOyBhpCeUgj7JhipZW7dJJfFyMQl0WUcJnvO7uX8%2FaHCHbN%2BTy12tT2AG9M5jxdXEaCkbHF3FdrRhFgWtkJdM%2FyNJUWZiu4QJ0QewLqcRbB%2FAF214GFJb845a8pSlDcCcWZOycSiGoUKyvXMbAkFZWufDw9Gmwflr45tvVey%2B4Q8R45yW6l2e%2BiiWQpU2i6IrG8WK0hD6CPt3m1NCWnxEzSvaGlqbd42T6stNnZgjB2KHEJOJrj5t3x0WR8%2BfgjDZ6dWTj6%2BX4yzHYxw1YeGctQXOx%2FyRgAnJ6IZ0tS0vSr6%2B62OmZmhopkeKUdu5q4dSKA0zkoA%3D&nvMid=36092613896&catId=50001519
갤럭시 A13 64GB 미개통 미개봉 새상품,"139,000원",https://cr.shopping.naver.com/adcr.nhn?x=%2BqZHBcFXi96%2FM8Qh7NMOLf%2F%2F%2Fw%3D%3DsARHa%2FLHtAPYtPbitJlnnAtiosvtSnD6tlKdqht8KdSoDmt%2FZusb9H%2FSR%2BZdVvjBOX%2F%2BMG8RnPi2YjsVDwYZ%2Fz4uTlRMxkGN3%2FnnfhK5MSzcATaakMVREZYMu5%2BEYVmBeMfc1NF8jzg4%2FMIpjHH06Cl3E%2FRIJOlCm0lU0Oz1A2wTgv6Uqdx%2BQ4rufvoPK93htGKzIzcQopFR2l2hbCR%2Bz%2F4yjo%2BnwJk3B%2B7LtymkLtEWrH5ToxXK%2FKN6G8J4%2BBeVUfH0ylKL6Yqq4zisHkncEVRCGSQdcrj%2BZJHLmJxgT%2FbsFbfqvhBmyFER%2BD7e%2BrtE254KqHCZEikxbIxGgegEIbVd%2BqILAG09hjAR1K3qLYkCpLBoN9iu41Qbj1OgljUvBY%2F%2BafSCzTTgaf3FKNSbkkBjPIX3Ut44BwUiaiYxXFQqmSzvpyFkYIA67ACAfn%2BEO3E%2B5csTOf1Ep1nRxxuMTKEnkj%2FRYmnP6KQzoPswD39NgBJ1%2Fnd3x9h2tSmbjBXY8UviwFDPM5kSiLAya%2Be7YtC6CIOHlLyf7tFzQx427OB1buHh0lTTjB4dyKQWmKRtC7u8EAFDp9IgsaNk2JvcvuFaFndIwdNwuWmKtx1HNSCrUkiyUGZ3FpPHvE7X48%2Bhb&nvMid=35603812280&catId=50001519
[갤럭시] 삼성 갤럭시 와이드6 A13 128GB SM-A136 정품 자급제,"400,000원",https://cr.shopping.naver.com/adcr.nhn?x=TFijZH0hYRJ0vJ4AlLO4Wf%2F%2F%2Fw%3D%3DsNBLRyqxXxQWsET6lKeOIlQ8Irzq4ltSrgdzpxVjEevxjQQzzw%2B%2FEi6khfoc%2FSavJRWYgRkDsydcpda%2B80T9GxsLIi%2B6XqRgmtCM7Z1qh3T8iaNsd1jwE4xr%2FZ6KPh6h%2FtEeCkB9zzMqWtq0OugsmwH1tPNb4GsQjVE0lqas1cxB%2F78Xn6bsL07XLvdbbvzc%2FETlgE6IJz9GUWJV7rTP%2B%2Fhq5UnlxndHbU1%2BzGAGaupCCt0bfNlIyR2rZmurh6XfBsTTwiUaRTFNviAHNQmrMC0GlYW%2Bgabgiyjlso%2BMVx9MCzC76dpIvJqvb3E%2Bg%2BvKma%2BpHa6ewb0%2FDpcGez9%2B2Mmaf7oVVn%2BbTDsruUdhAA7tmvbK5uU40YHybxo0AjO3fWl3oeQXg%2BWtXJGNPVh9NbGxeDmVS9kP3MLsWL1Ykk4e3hRSbdqf6%2Fxyxxtr%2B9avXwwmx%2FZMx38HHoKh3UJYvVFKE98jZnuuxujk8XUyWXZ7%2BSc67jKmoOXc%2BlMDtak3tmIVKzcwPdObWN%2BpgRZazCYxV88T0U4jLBpa5OziezdVP7nekG45AUfKEzUFRBCBziQ1Mdv92ybN0Y1GNpRcUdtdY4GpCmTp4%2FaPxBpQn%2Bl%2FWG7pAI9OhDzEc8BXUOEwgPm3fHRZHz5%2BCMNnp1ZOPr45ENamYQWaIt%2FV6y%2BIFut5gau0xW%2BwzFgVnjevWYx7paGimR4pR27mrh1IoDTOSgA%3D%3D&nvMid=39981853625&catId=50001519
[자급제폰] 삼성 갤럭시 A13 5G [SM-A135N] WHITE,"303,200원",https://cr.shopping.naver.com/adcr.nhn?x=h6MMhxB6TKqFYVtLO8dbZ%2F%2F%2F%2Fw%3D%3Ds5UHeAd5bG1VBeEPY1vMlTt6V%2F1NebMDabMjD0It2e%2FcYAxp4TBEgw4RCCUg6M516g8rh92LrlB8PYkyIKwCKyff8C5QTauymg7zvPJbZB2NLVjklrRQ5uA9Jo1TqU0OrxMR%2Fe4UZ6HvGj9cnH0e5hnzmYN%2Fcvl75AGnByk2TjWEm5OY6%2FBA05LWPXaqTF3xXv0wEvzOlSJxCWhvYo%2Fo2lrsgI9CaxkZIXhD4M3eCSaK2qSyPjUOfwfdT5TMNj3tKiZoI1JMvPnPrVBuMQSvN4Sqv1DN5FbqSEL9TBUG%2B9AzmPsCI3N4kQwT4EI2cpJRWHyCal%2BU%2BYRKiEpURyIc3gV18On0%2B4OT76dMX121gsZ4Hs%2F2PHkpmvWjL2qy1nHubn6Rd1qPifHcWL137UJkci%2B7Q4JIW6u1bvY4q9fU0lILHvY%2FUzN94OzIr5wG3PfiAwnmN7uWoaxx887ZbabTuH0GLliN9xpQ0ZQ5hhMpbOjY5gQTQwwjLvBV5o714VPe1t%2BfySuJkoDTCy50rJ4Xeyiq42dwKOyWyEBX%2B%2F6RGnanf9tIzwe30Hpcgn%2BvjAm%2BRpZF%2BuO2XY48Pfq%2BTHL6fmkA1kgwZZg0UamQWBnkkf4eNZULa4z1BMxsz46BeKixnPm3fHRZHz5%2BCMNnp1ZOPrwgg80Ak8gq8o3o7714F9nCACcnohnS1LS9Kvr7rY6ZmaGimR4pR27mrh1IoDTOSgA%3D%3D&nvMid=39894654069&catId=50001519
갤럭시A13 SM-A135N 64기가 자급제 블랙 64GB,"228,000원",https://cr.shopping.naver.com/adcr.nhn?x=5UywqYl900k%2FAOxa9a%2FTW%2F%2F%2F%2Fw%3D%3DsMpniDA9IdfsVPGaHJdkN1AUbGtuj6a7LwkSSHdw6pz0Dmt%2FZusb9H%2FSR%2BZdVvjBOXLs3CgCOaOj6aeNjhNQQhouTlRMxkGN3%2FnnfhK5MSzcATaakMVREZYMu5%2BEYVmBe%2F5JuV%2FxtDQnr9npG5paKV23JzeXxkSdTecfUR4%2FvRQjd%2BKwjnmE8nmku4yNhWgwhA2Ibre98XVoy6Le%2Bn%2B3PtKVjN6O%2Fngo6i%2BN3JTLnShsP6dbqgx%2FTk5iVNwIbmE4GPWhV76DsCISCgwapjK5gPaU1D%2F2701b9QYuecyMRcS5HEKUBi4p1lTuNi85E%2BLhAb5u4YWkfiuwhX%2B6WoVN7TXx9MpSi%2BmKquM4rB5J3BFUQhkkHXK4%2FmSRy5icYE%2F27BW36r4QZshREfg%2B3vq7RNkLyUfeOVGYMmG17UZJiTBrf5TRm4ebkeqR55xTMCpWjIFB%2BXSkvrQA3cTB1JmBHecY81GNiVW9FdC4n8QtrWVw%2BEeEnvHH2zPASXonPnTp0KZO5Xr7mvr7UebPGqkHH1%2BjyQqRq6cxi7CrGB%2B1YUZiap9i5qYdSi5XLSLdYvxdNXZ76KJZClTaLoisbxYrSEL%2FyX3JfgYCh1fHNTdny46O270gyUfJ2MylTq0Gf2v2fGiG0%2BMD09kVauJJ3YSFa1Fp1u3a5cGSBuQMPJJDBupnk%2BK2gZSQ4TCZrsqXiLWaLzY6of2Xpggjm6A4Z8HgJhg%3D%3D&nvMid=39890766387&catId=50001519
삼성 갤럭시A13 미국 무음카메라 자급제 미개봉 키즈-블랙,"309,300원",https://cr.shopping.naver.com/adcr.nhn?x=3X2knDiuw2yJxmFCmCBQnv%2F%2F%2Fw%3D%3DsS9zHVmuws9md%2BxXXIOJTy3acBlK9b33qgy4c6dY8F85jQQzzw%2B%2FEi6khfoc%2FSavJPa4qRod4L8kLfmw5fKYwlKNJpGeGJqJlPm5yMr8v6AEiaNsd1jwE4xr%2FZ6KPh6h%2F4R8ux8wf%2FNLjn1P6K0AMY7dv4wGVAwhShofcVr3vK9Gp25qtsdEBeZkepXlRCqu6ggt9naNuBR2bunTdn8qWhcBPLmzqatWbqVvAPTnHfSXo5aFzM2Izu12IU5Xb%2FVekKBR%2Fiupmo4d4tKoq%2BvhPm5xxwcEOW0uE2CvAklR9kl2AbCY81f975eS5nfR25FBiP83WAv8GAIoQ0MwLPWeb%2FQ941u6NKoAOoJtx3glXrHveenvBYYmpWxaTF1XOvMKxAQwqmClfiWCkqaF8gIC85jaSnukfnZWhMT1%2B8fjJUpBgdruGwU0EmJ7iB1dYpeOryh0I6uSXIuXHVMeDLuZdJPjkyIKw8klhoTDgb%2FDNlZPYY5%2Fr9LxN2WoL1cqtytYvntYoi5PI9lfX1VhjyeM9io433yf9qmtfGI2CuYLfi7Y5n2gLxHTpkLzdbUIktR0R3rmj11UXDxgW1%2FxJvFlkkcKR3YKlD9qGAl6gX9HvZO4rO089Twackfg01Oi5FDgv3%2Fu%2B%2B1SgfEo0tFRHNt2%2B9G9TZjqEQTAbFzUBl8432wvhVEAf6wwM5tqtSh0bB5Hx&nvMid=40724637934&catId=50001519
삼성전자 삼성전자 삼성 갤럭시 A13 LTE 자급제 64GB SM-A135N,"297,000원",https://cr.shopping.naver.com/adcr.nhn?x=eBwYxItDxd7GXMUNXNg2Zf%2F%2F%2Fw%3D%3Ds%2B0%2BJBDmZ7LvyQFK7catxr0QRzFR7R2KibwLWEvlOTvIDmt%2FZusb9H%2FSR%2BZdVvjBOVDex8bCs4ToHWuNlYsxCtIuTlRMxkGN3%2FnnfhK5MSzcATaakMVREZYMu5%2BEYVmBeMfc1NF8jzg4%2FMIpjHH06CofsjsQob2Ne0L7w9JaI7kin0b%2F5UhxhZOSwwPJ7NL%2FBwj4yf8nVK6b6Z8pxob9Nmy3frpAIfxgsxeDOMZJpOAucccHBDltLhNgrwJJUfZJdgGwmPNX%2Fe%2BXkuZ30duRQYj%2FN1gL%2FBgCKENDMCz1nm%2F3V%2Flnh8XuQCwcu80KTwoFpM6xoFcRjtZCbTUYAv5Y%2Fb2xeDmVS9kP3MLsWL1Ykk4cjcBKffxxb4erwI5YQgrt0l7wDtAkFp7DV%2BH2rWwgWsxdJlqPCfx%2FxTd3Ujuq1K96Redzb0CBtui7tSgmuTkyZFX3r05zGaqWi2nW8BjmcOuI6dlafo7a1HEKMS6FGv8GLeZuVPph6qQPOlNeDK4hmFrNgm%2BqW7agsYhB2BKFKiL6jjclTPBkonfg7pD3cf0XCkd2CpQ%2FahgJeoF%2FR72TuoLrUx1j6sC1eXvusrkhBDlnfHyknKwPs8afzm8kRot5vU2Y6hEEwGxc1AZfON9sL4VRAH%2BsMDObarUodGweR8Q%3D%3D&nvMid=39720351360&catId=50001519
삼성 Galaxy A13 SM A135M DS Dual SIM 64 GB 4GB RAM Factory 언락 GSM International Version No Warranty Wh,"234,220원",https://cr.shopping.naver.com/adcr.nhn?x=Bd%2FNnfdO6ZEyoZhxFT9D%2B%2F%2F%2F%2Fw%3D%3Dsy1A9XahRgilOc5cu567isp7qe%2Ff9o50tHz8hcBwLCuxjQQzzw%2B%2FEi6khfoc%2FSavJnKUbU0nFSNCVmtAVi1u22%2BIFGneX9X4U2KALolBbURoiaNsd1jwE4xr%2FZ6KPh6h%2FtEeCkB9zzMqWtq0OugsmwIZYgwI2fs40XR%2FERq%2FGNyfWK4fiV391hyKbNzjTTmNIBY4GX37iIRL2CPZeI9aLssWqoVyJr9SmRW8wplVDy7z84irqoupb5cHtoCFQH9lAJV03cukp%2F9sq6JmLvPVclMGxXiRRwTTy2A8AMsjHj6dUNxwKnSTmRrq34tX9vtt3Xa1PYAb0zmPF1cRoKRscXRt1IXaYRlM9I35iITFoTByzP8XCKwmDyFQlBlVsw06wPZ8WjHgj2wdXHh927Bc8LhDVK2%2BT6WzqxY5okeT4tDohSQaZ1DVwZB3Cku8FjOOfxjBizYiSi6wxcctOKsP2TcQWD%2Bg8FzwFFaNUDdCWHRTVrtQEtZmFhgfdFnM6AN0tmhSAdG0xIbhD3f4RIw2oACmEzheSrB6vooBgHNaQHmd87bGOOaZd5%2Fuc4%2F7VWwlDwaiR25u3JXdGwq0AIEdLIr9O4HTly6hVslTDu4UxEx%2Fke%2FVP%2BgM94BPZkP5YJ%2Bex&nvMid=85818427678&catId=50001519
삼성 Galaxy A13 SM A135M DS Dual SIM 32 GB 3GB RAM Factory 언락 GSM International Version No Warranty Bl,"216,160원",https://cr.shopping.naver.com/adcr.nhn?x=%2FKVJBsS57%2FeWCutEK%2BH09f%2F%2F%2Fw%3D%3DspNc0mUAJ5z11s94RfddhUs4eI8T%2Fz2HaD%2FW8i8Dtnh0YAxp4TBEgw4RCCUg6M516T7dH5PrpvruFC%2Bzw9IvmTPf8C5QTauymg7zvPJbZB2NLVjklrRQ5uA9Jo1TqU0OrfdMhOBbA7K9L5xSCpgFo3LuVw3GdaDAvxDSjC3cnt2Z%2F22ms%2BW8TiQQNz%2FOHMMFFusxL%2B73HBHBijGkK8Xm289hgs%2FPoQwTLIpGok1xnL7PL%2Fowdnq7%2Fmfq67OVRzok0S5SJNLgIdS1XFCtZ5GETGNaIgA%2FMjeHu2JLKL0HMarC9lLhOFKc0Sr1Z5Xe5rh8WDG4evy%2BM13j64UYOnhTyGVr6Fb3aVljJS6oFb6xnRwtuCX7qfKw3uLKVJPL7EEChQigM3EE7TGxfPOnSZnJuihn%2FFb3RiWPXBfzfz2ELlxRc%2FMRaXcGZmUV0fW%2Bi%2Fu5y9n5InAUd%2BtLE%2FRbCxPpDOItswiQSrWsRSJWf2NrHN9VTfxR2%2Bb9BkiwjJbek1RZv%2FlrIYu%2F0lDv0tgsjNDhLWawa9JlmckDbJAJUEGvcfEFjrZF5W0OWApywRuIy%2BW5sMZR2guzkWj8wlNC%2F29IsgHgeTw2Y9C%2BZ2T4RngmKb%2FQOEsHC78VBLnFZh%2FnDobeN&nvMid=85818406864&catId=50001519
삼성 Galaxy A13 SM A135F DS Dual SIM 128 GB 4GB RAM Factory 언락 GSM International Version No Warranty B,"225,120원",https://cr.shopping.naver.com/adcr.nhn?x=cSTduvDUXyJoNJt9CLSy9P%2F%2F%2Fw%3D%3DsGS5CQU2Cb9CxH2lasMf%2FE9w9TUJavLYCQmVVMNbn9RkDmt%2FZusb9H%2FSR%2BZdVvjBOeGZaMnUqnYTLGaQSf4zolIuTlRMxkGN3%2FnnfhK5MSzcATaakMVREZYMu5%2BEYVmBe%2F5JuV%2FxtDQnr9npG5paKVzaSZny%2B1MgSfJG5ocTRQNj1rIvubP2%2F%2BNF2sTRY2hEVOPAvXM29CpTxUn8KKLF925hJRizcQ%2BTvpDxldEuWZEDffisv5tHfoGFh7RH%2BtSaOAFJNLWxG%2Fj2gEfGb7GroeOFRFUsoH9BqA5W95JBLs7wJ1GHFcyiwigXz8zHXoJBJV36ogsAbT2GMBHUreotiQL%2BHlHspEV7mtqBRFLb90qXxlPiPsoYgARa3T6bpupEKdx%2BJoI1fy4F%2BNyMmoI%2FE3ZZJyIzoISB4a2Iv%2B8AoPS04GIsrP52WACYAIJctwFBsNMavnygqJFLNAIFKyGVOf3R%2BtVASGTBrmZzU4Kme5fn5Cya%2FI5p3zA1aL4jAbJawemW%2BLAfC%2BQn0A1zMa8EgiXR9INs9ZpxiOekV5%2FkbMXGVPBLomg62djOh8PYd2XZoLFOOr3t3W5QneI37inPiODlqBo8lA9Asl%2BNRzcFPLoloaKZHilHbuauHUigNM5KA&nvMid=85818424317&catId=50001519
삼성전자 삼성 갤럭시 A13 LTE 64G SM-A135 미개봉 자급제,"349,500원",https://cr.shopping.naver.com/adcr.nhn?x=cOIWK2g1A8GeR3%2BLeyaJev%2F%2F%2Fw%3D%3Dsk91%2BmxgmolCGy4eUYR6QeRn7hP05CdkfptA76rPTFEoYAxp4TBEgw4RCCUg6M516LP62kgN%2Bom3HRqz%2Bzw9dzvf8C5QTauymg7zvPJbZB2NLVjklrRQ5uA9Jo1TqU0Orn7a2SubG%2B%2B3iZpbB6YVv%2FZxspcflZYjogUa%2BtzON8Ln2UH1RiEW6vY1FWnWOVWrQOHgCBRyPx6tnr67%2Bdec5ggFj2Q9oAO4T9NMf0yvfoEVsdgKfFG8ISv62b8zT5aYRP2tfKoQ0NQPyiad34AQ6K9%2FdVvwtcOUlbNrGLU3RUnqPOMDQ2XAlFOvlW6ZWvbgfhqQvwmR%2FqlT0jQuNbOPrwt0dMl2Sg4P9xHjqE9B3SlK1M9LPXYWVnbNQkpgQb9%2FWYo1mMw1I3Xq9YraeFhSYkDiBa0vUR%2Bb4br5s7ZEd4TZt3ZhIl5I8cEll86ECQPRS9LsPxpWZNuvc9abn0kmUALmMu%2B49pAmCdoSu6xsZgCEL6nrfebnckJCqgqS%2F1UnIEsgFRnwLKytFRVXN98IRuTYhYCKekPCDvbTMF%2FwJQpd5Z8mYLiKH2yz%2Bgqb9VZbhyEy2ss4Kd7KGDusYOTQ3uHNyD3yY1lA2vtq8icvWIBYOEsHC78VBLnFZh%2FnDobeN&nvMid=38137724635&catId=50001519
갤럭시A13 SM-A135N 64기가 자급제 화이트 64GB,"228,000원",https://cr.shopping.naver.com/adcr.nhn?x=YXkDrOZH68Zc%2BoHG4xgrO%2F%2F%2F%2Fw%3D%3Ds3jafiSzCnKXgwM%2FGPbuy49T76Q2t7VbXrF2aPs8DDjwYAxp4TBEgw4RCCUg6M516NYtebzWG8KasT5wsHW%2Bxhvf8C5QTauymg7zvPJbZB2NLVjklrRQ5uA9Jo1TqU0OrxMR%2Fe4UZ6HvGj9cnH0e5hnzmYN%2Fcvl75AGnByk2TjWEm5OY6%2FBA05LWPXaqTF3xXKdObObUKKCY%2BQAOvn%2BcCfyxVPz1TFsADlVl82E1ywNaAY2bU0YC%2BAjx3pWte%2FBSppkqE5veZGYZ0F0ErHEcl4iij1DsJYaR4qYOgNWNyJzhyrl0Krh%2Fr9FbkPbe4X9TpVGh8rfVxLarQsb%2Bkj5HAq6uKWQN4b7WstTXVRp4V%2Fd2Kx7G3krbJiQXzryuwwOqJvNxOa%2FnS9wCBNCbPwEmuqZ86F42t%2B0WPB5ydcZg019x%2FlLnJwMa7Bt8R2%2FUDqQrCh7rXmDdvAzd%2B6Z9I9Uo3ck1X30nG7rWATyK0cbVqUE6DTw%2F59tunFuR%2FSPWBX6QGVSRRibQmIsXJP4jdBJ1xRgMsZGYJ7oAqMWCGf8WSYkr1XOuGhUXtjONtetp%2BX2ExpZF%2BuO2XY48Pfq%2BTHL6fmk2ziL9dVdMahu7iter2%2FhE81Gi44tUFH1uRUKbnASPQEsFV6L4M%2FIp329kUHrBWCDn7oBDuIOLxUFsxWEKOYLdQmctR%2BoXDpEQHw1jIIeRNy1Vhq%2FH77x9Zlr1IFzyuow%3D%3D&nvMid=39246976079&catId=50001519
삼성전자 갤럭시 A13 64GB 자급제_J,"296,670원",https://cr.shopping.naver.com/adcr.nhn?x=aSmZnmm%2Fyl5Yd4ofDcmzH%2F%2F%2F%2Fw%3D%3DsgfG%2Bs1isu4esrt0wnVVfb74Xt7qz6aB47V%2F7pm2XY1sDmt%2FZusb9H%2FSR%2BZdVvjBOSJ%2BUqXGG4IiT7d40XsA8k4uTlRMxkGN3%2FnnfhK5MSzcATaakMVREZYMu5%2BEYVmBeMfc1NF8jzg4%2FMIpjHH06Cl3E%2FRIJOlCm0lU0Oz1A2wTgv6Uqdx%2BQ4rufvoPK93htvXJXKWwJXdmNFohxHKNWZrQhLe6JYLg3CTCIZQkeCPirH5ToxXK%2FKN6G8J4%2BBeVUfH0ylKL6Yqq4zisHkncEVRCGSQdcrj%2BZJHLmJxgT%2FbtkL5JdTHDItRySe25wAAG1CqUKo0gbt8q3wLcWCHoqNFd%2BqILAG09hjAR1K3qLYkCo3mbQh2gK4ihX8jyLanBgUcLjJxc6jfeMSr0g3jgflZyMIsDvt8d1FZ6qXmCCF8TN3G6D0SZPJV%2FP3i9Q%2F%2BEvtdx%2FV4itUblCTzwGZ2awBl2e%2BiiWQpU2i6IrG8WK0hDjgm6Bz1OlXGZ8GewZkoq31kGcNTVeEZ1If2ICKk6yjj5t3x0WR8%2BfgjDZ6dWTj69GMyPTQlAit%2B7GGHapZHqfgAnJ6IZ0tS0vSr6%2B62OmZmhopkeKUdu5q4dSKA0zkoA%3D&nvMid=40564413765&catId=50001519
갤럭시 A13 64GB 자급제 화이트_W,"305,970원",https://cr.shopping.naver.com/adcr.nhn?x=DUBcCuEkd1UikKiMVfCOrv%2F%2F%2Fw%3D%3DsjsYlBou4QLVr7TZa%2FWYvs3tQBUfYmqmn8G0niNFxX%2F8Dmt%2FZusb9H%2FSR%2BZdVvjBOb0wI4eNZFBoybgoqnTHG2ouTlRMxkGN3%2FnnfhK5MSzcATaakMVREZYMu5%2BEYVmBeMfc1NF8jzg4%2FMIpjHH06Cl3E%2FRIJOlCm0lU0Oz1A2wTgv6Uqdx%2BQ4rufvoPK93htvXJXKWwJXdmNFohxHKNWZsm58jI2dKQ5lO0X9VeYY2yrH5ToxXK%2FKN6G8J4%2BBeVUfH0ylKL6Yqq4zisHkncEVRCGSQdcrj%2BZJHLmJxgT%2FbtkL5JdTHDItRySe25wAAG12pvq11Nr%2FUmI8vzAbYQP%2BFd%2BqILAG09hjAR1K3qLYkDrkrTq1HlclB4yFJYkj2OBNdAk5Xjp%2F7dmRbGTLAO%2FthjPIX3Ut44BwUiaiYxXFQqtXZIf65jJnInx%2B9ePX3JqBCxGLhlxORz2VkErQgjATztfK3Q9ihd3FDGwQXlGb4O0mPA0CE8GoyKkQ5wGFwJ8NiFgIp6Q8IO9tMwX%2FAlCl3lnyZguIofbLP6Cpv1VluHt6yqiHbVyOerD%2BDknIAS6zj%2BiOEB1Olmu8B%2FaulWNGA4SwcLvxUEucVmH%2BcOht40%3D&nvMid=40564037888&catId=50001519
삼성전자 갤럭시 A13 64GB 자급제 블랙_B,"305,970원",https://cr.shopping.naver.com/adcr.nhn?x=6L0cO2Q8CB0JFtmcWZtdwf%2F%2F%2Fw%3D%3DsJod4DEP%2BH%2BL%2BALq81n7am%2F7gzrIUA6Sm%2Fy38VEKONrAYAxp4TBEgw4RCCUg6M516%2BOBxHSpI4ELkNjKhh7DgEPf8C5QTauymg7zvPJbZB2NLVjklrRQ5uA9Jo1TqU0OrRR00XtULfuogZoxi85zXiYVt7HLC8Wv00PZgURHygt5elejFdkqFTSchcszRHkryZcSBvW9DLGbyO8eb%2Fx6m%2Bc8c%2BrFXNFNOCxz3Ned6KdnEj7ZOGcb9bWp8d7WHM%2B5kXXw6fT7g5Pvp0xfXbWCxngez%2FY8eSma9aMvarLWce5tgklCaoA3%2BJivHDF6sj5A67%2BQXSqO9%2Fxix1vNQp6mrcwxuHr8vjNd4%2BuFGDp4U8hmCt6sR5hDgJ3hQBvN1qPvOsv4Pv0kWpdQcKGzAgoBrl8hRMF5Gaa0kCMPaKgQGJ0tkbg3%2BL2IxmPSMRMH0oI8BSY62wkC5Plas%2Bg51idJomUu0VGqN8T6r6xyQwoDWprnYwb%2F8Qi5q5yXiFBJzENnOaw6TSUxf1KLtsilTONHRWXwJeXbnU6mZaLN%2BXPYoRZya4A5wUo9SHJtJX9Ihdwvjrc2gMlFbVzlON%2FM0WI1MlldznR4EhPC6BI08fc6TT2xWkbDrUFJ2hBG8QaB8WVzn&nvMid=40563353812&catId=50001519
갤럭시A13 삼성전자 SM-A135N 미개봉 새상품 화이트,"38,900원",https://cr.shopping.naver.com/adcr.nhn?x=7bo2ui7yhQw33jBkP%2F92xf%2F%2F%2Fw%3D%3Ds1%2BiZJEJkgX1MGtuCEvaSOhDaAAUJmkLbycr42ZWZgt5jQQzzw%2B%2FEi6khfoc%2FSavJacwOoTo2%2BuElKdsz%2F8jlViEAjv7YSshh3%2FrLD2ZuE9ciaNsd1jwE4xr%2FZ6KPh6h%2FtEeCkB9zzMqWtq0OugsmwHULJJH%2BMKqMyaVu%2BUeO3m60%2B85WmSKK5LY2dJjcChMGi4guNQSkEUI3%2F1jYRmhmkMetXaxRiL6b7PN4TNFMGEhdNUx%2FOo3ukLVVDl1VFDsX1uwDZS3V7p1SLzuMzSbNCmLXz0dlMP5ECdSvHUqhN9g6EN32uJpfHmfpJWUhvKzxHM0wLYZZbZlV2u02u9C9CFxPCXXvzkAA0zgBHRt8XSOk6v2w9jBqMGR4TTsgYaQnlII%2ByYYqWVu3SSXxcjEJdPM5K%2Fo0FKnuvjuxmUyIVehAW7ixYLpcsqjM1QROR6OxYYyQomAOCRwvaXv4BU13v8uuRdB1y20OIej5s6qAzmLCZUmqUacDn6uV5fSU%2FhEsZb6DM7thJDgxci6owb1Otx2TcDeDA4aTpSSthKCdQ3dZrS6u2TobPWMA8%2BarSoO5xwhcN2E049ejYEBCDyNTUAvqet95udyQkKqCpL%2FVSci4Ia08jeym494TzVboMZzWo64FkP9CQbIx7neKc6OctbVMZCfiqyAR4BDn5mIP9DQehJkT1qoqLr1%2B4%2Beri0sLMiTAKyZrbxlnw4E9Aq6pxoVsN%2FiAcjmtIwlTUFZwg6A%3D&nvMid=41056367213&catId=50001519
[자급제폰] 삼성 갤럭시 A13 5G [SM-A135N] BLACK,"303,200원",https://cr.shopping.naver.com/adcr.nhn?x=EqLri6SfaorwGywT2EYxJ%2F%2F%2F%2Fw%3D%3Ds8VyR4IxVfzbEm3M53uSJXXxtLl%2Fjvh9miDd3TQsekn5jQQzzw%2B%2FEi6khfoc%2FSavJyRPv5LHIa%2B%2BJzSt6qh1HrSR3sozQgZZVvixvODXH0HAiaNsd1jwE4xr%2FZ6KPh6h%2FtEeCkB9zzMqWtq0OugsmwHULJJH%2BMKqMyaVu%2BUeO3m60%2B85WmSKK5LY2dJjcChMGHXIkMJU9nKBfjs2%2F3QCzo3j3Fcy8SH1Od7AKmSPIkF4u4DZewt1CZ9x83hn5T%2Bv%2FTaAFNVGHmZCq8qD9nQnluidvexA5EVAZP%2FYbELqhLLUuf%2FtNtMlasRkvyuzI2%2F1zML7PS8QhqYIj9fAnPl6%2FuwLMLvp2ki8mq9vcT6D68qZr6kdrp7BvT8OlwZ7P37YyZp%2FuhVWf5tMOyu5R2EADu%2B5FhHE9NqibrV0RIf6HytbMG0xAK9cFbztp9AIDgfdSbF4OZVL2Q%2FcwuxYvViSTh33qWeZ%2FcKtp9D%2B4XewwXB3x6m4c6IfnIdt6iiD%2B4f%2BIT00Maw1G3fRiqYcl%2FqyN3yBjesjnWKvW6a4bGbr0P6Tgf%2ByOkrymdSIHr7lfuycyYqIXxY7%2BXyb82LhtvlTFBkEne1R6czjLE0SHAZmWgSwvdQs%2FC%2FHo2HhYMhtSbLuIfAl5dudTqZlos35c9ihFnP8buG4EYbH2Mh1NmOIMtaFJ5I9N%2Fvt3vbC7YrpuUZIrV3OdHgSE8LoEjTx9zpNPbFaRsOtQUnaEEbxBoHxZXOc%3D&nvMid=34648933220&catId=50001519
삼성전자 삼성전자 갤럭시 A13 64GB 자급제,"319,000원",https://cr.shopping.naver.com/adcr.nhn?x=fgQD8%2B8HcSzfbixmj8%2Bj4%2F%2F%2F%2Fw%3D%3DsTq%2FG6dpBHH2hO92epGrdBJA8CZsr1g3O6Lu2iy6h31sYAxp4TBEgw4RCCUg6M516ny1LTtafFRNL9XuhzlfhoPf8C5QTauymg7zvPJbZB2NLVjklrRQ5uA9Jo1TqU0Or778sDzAYO%2FI3C%2BaJ2wKnT8j%2FdcXeK4zHpuWdvA8cmNSWtcgxh%2FsOYl4JgAkU%2F9XhcOm4UoSDQKtQs0uez7oCAGwz4HvOeOXNGisECu%2FbFJOVhYVwlEDXeICMDVOmdfV6k8cc59m1BOeio2g4sehygKw8zyXiHnRk8w%2BjmeNt9nrBMQaECdZZk%2FZdmQIV03Wcw6ZjbtkbN7RD61dGUzg7G1qsmhWtsS26cBgiQoajA6qQAxidjH5p2xlikvGzFswpv9OAQbFvoz00Z8EOdVfO2WxeDmVS9kP3MLsWL1Ykk4cynnIO0Sq7cn6Dr2fjxh6ul7wDtAkFp7DV%2BH2rWwgWs5YsT9eNPJ3fqsgaiIz13kaaoihsca0tp8%2FLC99oXl22%2Bnig2PfCOiBl8hQ9KvOA9fvEVRk%2FE8aTkcUvIkm9EZsgEyxZIMzcR2NO04WHTKF0zRccRkg5myA2QFEAiRp%2BhI8GKY8NnA621mNyvBRyVn09V6QC%2F%2BfxFeowNN7iq77ExSCT1lozRKJfgI0gyFOHY8cgIRCk8vtGb7Z%2FKGMSEdE%3D&nvMid=36627399021&catId=50001519
[설치상품] 삼성 갤럭시 A13 5G,"306,300원",https://cr.shopping.naver.com/adcr.nhn?x=9BKWj9Pbe9hyF8wWUDFzDP%2F%2F%2Fw%3D%3DsXASJrQfn4yJHA5xUuitfg4kI6wPfFBK5U6FiD4zKSF%2BPKxQeadX67W25l7wX1nDU6c%2B7QdLK5yjEDdTMN5mLLYUSIkZByRAmGj%2BvTwAR%2Fewy%2FPwR%2FWEp3Z%2BFbtci6C4SMrHQSrfg3pzAoiHKgPB4WpnwbYUDBIZTh3WIGncfSwaxKpp47Y6aSxkbPDG1qUDzLuBnGHtKIr5zt%2BHC3LaeH3ZdSlVPtiLe9EEMWPtw3%2ByQdKkGg80bX5z8miFwjpP9m5TSpWbQgl32FTdCLvZdq6sJF1TG8DXvuOXRWh2aiSE1QmeK3ZPITzKHcbEnR%2BI8Ma9xZYJKAqZqFPUf6a6GGrADWxt0XsMEY1scTTCrXfYr3wpohlrhUETRXnCpgZJOZYRbjjp6dk4CvrUoEle6fowefsEME1qpc2agpsB5My%2FDsjOsbs9Pu3rGfteGppeOWuSPIHvgqDPf8Nq01yI7xZCxy0xNzMJ1%2FcDvt%2B7jSX3hBfazcQjFFfwsbM4tae62coPjETjLEmxzhXDrbffoVGU3N0kWCShHUw4vdlvoRYXstWbIw4VLMK55Ef7sy%2FtWY1jwwINSkRPfeUh%2B5rZU2QN%2BQsjK6V0FLd%2Fybx7qcubNSE3OzZUT76KyqzckASmm&nvMid=34648969648&catId=50001519
삼성 갤럭시 A13 64GB LTE - 화이트 코스트코 자급제 스마트기기 스마트폰 휴대폰,"278,090원",https://cr.shopping.naver.com/adcr.nhn?x=%2BLfSgaa2qXKBljzPG4hL3P%2F%2F%2Fw%3D%3Ds78k%2F%2BXgDmS4mdEAKelb8NeuKsWHQItSD8zOkGSteCNsDmt%2FZusb9H%2FSR%2BZdVvjBOp6atb4TPkyv3Pm9a2LDbl4uTlRMxkGN3%2FnnfhK5MSzcATaakMVREZYMu5%2BEYVmBe%2F5JuV%2FxtDQnr9npG5paKVzaSZny%2B1MgSfJG5ocTRQNj1rIvubP2%2F%2BNF2sTRY2hEV%2F1ErouuwsprwzPI4vcp3KphJRizcQ%2BTvpDxldEuWZEDffisv5tHfoGFh7RH%2BtSaOAFJNLWxG%2Fj2gEfGb7GroeEOLrRbbEUGWu0%2BU1HxGoynU4JEBj82qMEUNJKHZYG%2B3V36ogsAbT2GMBHUreotiQA0pKndRRViwqavaWXSSe4X7XU6aChpK1PTLuQCW%2BDGzD%2BMp7CdovT9%2FY94SEnMMmfoBAdHqFKa8s6z8YI7PJjDqVdTkkXX3O5n%2FPUm3ZFgTWXheRqi4xhMzTMLj4epp5nqq58HwnyI%2F%2BONsE%2BVFjNxOyY3n8LpnZ8ntwMYXyyOw3Qz1u3AKEgVu0VLKg6JvImbrLoh7gd79q2XdLH8d5jLM2PBU1ZIbegBLjpIfCX5kKYTOF5KsHq%2BigGAc1pAeZ6nZpkAJ92oeCMlEyUdsF0H3UDpXxqOBuW9p2JJhS8MB2bTTrGmZ2rGpgV5U8AZ8r%2BR79U%2F6Az3gE9mQ%2Flgn57E%3D&nvMid=85369523941&catId=50001519
